Well Position,Name,Sequence
A1,anchor_rev_ATCG,CGATTCTAGACCTAACAA
A2,anchor_rev_CGAT,ATCGTCTAGACCTAACAA
A3,anchor_rev_GATC,GATCTCTAGACCTAACAA
A4,anchor_rev_AGTC,GACTTCTAGACCTAACAA
C1,free_ATCG_ATCG,ATCGATCGTGAGACCAACCTC
C2,free_ATCG_CGAT,ATCGCGATTGAGACCAACCTC
C3,free_ATCG_GATC,ATCGGATCTGAGACCAACCTC
C4,free_ATCG_AGTC,ATCGAGTCTGAGACCAACCTC
C5,free_CGAT_ATCG,CGATATCGTGAGACCAACCTC
C6,free_CGAT_CGAT,CGATCGATTGAGACCAACCTC
C7,free_CGAT_GATC,CGATGATCTGAGACCAACCTC
C8,free_CGAT_AGTC,CGATAGTCTGAGACCAACCTC
D1,free_GATC_ATCG,GATCATCGTGAGACCAACCTC
D2,free_GATC_CGAT,GATCCGATTGAGACCAACCTC
D3,free_GATC_GATC,GATCGATCTGAGACCAACCTC
D4,free_GATC_AGTC,GATCAGTCTGAGACCAACCTC
D5,free_AGTC_ATCG,AGTCATCGTGAGACCAACCTC
D6,free_AGTC_CGAT,AGTCCGATTGAGACCAACCTC
D7,free_AGTC_GATC,AGTCGATCTGAGACCAACCTC
D8,free_AGTC_AGTC,AGTCAGTCTGAGACCAACCTC
F1,free_rev_ATCG,GAGGTTGGTCTCACGAT
F2,free_rev_CGAT,GAGGTTGGTCTCAATCG
F3,free_rev_GATC,GAGGTTGGTCTCAGATC
F4,free_rev_AGTC,GAGGTTGGTCTCAGACT
H1,end_ATCG,ATCGGCTCTTCGCAATC
H2,end_CGAT,CGATGCTCTTCGCAATC
H3,end_GATC,GATCGCTCTTCGCAATC
H4,end_AGTC,AGTCGCTCTTCGCAATC
